{
    "available_space": true,
    "id": "q1",
    "size_max": 12.794487953186035,
    "size_mean": 12.794487953186035,
    "size_min": 12.794487953186035,
    "total_size": 12.794487953186035
}